sep=;
Año;Mes;Concepto;Pais / PV;Concepto II;Descripción;Moneda;Valor;Index Concepto;Columnas objetivo;Ámbito(s);Scope;Box;Column;Row;Source;Descripción resumen;Amount_text resumen
2025;12;Tarifa mensual fija de mantenimineto y monitoreo;-;-;-;USD;211,85;0;0;Column0;;;;;;Tarifa mensual fija de mantenimineto y monitoreo;USD 211.85
2025;12;Tarifa mensual fija de mantenimineto y monitoreo;211.847 USD;211.847 USD / Fixed value on USD;"Partial charge multiplier; 31 days operational during the competence period";USD;211,85;0;;;Column0;0;0;0;column_exact;;
2025;12;Tarifa mensual fija de mantenimineto de cada ambiente adicional;-;-;-;USD;953,31;1;1;FixedUSD;;;;;;Tarifa mensual fija de mantenimineto de cada ambiente adicional;USD 953.31
2025;12;Tarifa mensual fija de mantenimineto de cada ambiente adicional;tottocl;tottocl / 1 MainAccount;"0 USD; First Main Account";USD;0,00;1;;;FixedUSD;0;1;0;column_exact;;
2025;12;Tarifa mensual fija de mantenimineto de cada ambiente adicional;tottoecuador;tottoecuador / 1 MainAccount;"0 USD; The selected range was from 0 to 8";USD;0,00;1;;;FixedUSD;0;1;1;column_exact;;
2025;12;Tarifa mensual fija de mantenimineto de cada ambiente adicional;tottomexico;tottomexico / 1 MainAccount;"0 USD; The selected range was from 0 to 8";USD;0,00;1;;;FixedUSD;0;1;2;column_exact;;
2025;12;Tarifa mensual fija de mantenimineto de cada ambiente adicional;tottoguatemala;tottoguatemala / 1 MainAccount;"0 USD; The selected range was from 0 to 8";USD;0,00;1;;;FixedUSD;0;1;3;column_exact;;
2025;12;Tarifa mensual fija de mantenimineto de cada ambiente adicional;tottoqa;tottoqa / 1 MainAccount;"0 USD; The selected range was from 0 to 8";USD;0,00;1;;;FixedUSD;0;1;4;column_exact;;
2025;12;Tarifa mensual fija de mantenimineto de cada ambiente adicional;tottoco;tottoco / 1 MainAccount;"0 USD; The selected range was from 0 to 8";USD;0,00;1;;;FixedUSD;0;1;5;column_exact;;
2025;12;Tarifa mensual fija de mantenimineto de cada ambiente adicional;tottocr;tottocr / 1 MainAccount;"0 USD; The selected range was from 0 to 8";USD;0,00;1;;;FixedUSD;0;1;6;column_exact;;
2025;12;Tarifa mensual fija de mantenimineto de cada ambiente adicional;tottobo;tottobo / 1 MainAccount;"0 USD; The selected range was from 0 to 8";USD;0,00;1;;;FixedUSD;0;1;7;column_exact;;
2025;12;Tarifa mensual fija de mantenimineto de cada ambiente adicional;tottoelsalvador;tottoelsalvador / 1 MainAccount;"0 USD; The selected range was from 0 to 8";USD;0,00;1;;;FixedUSD;0;1;8;column_exact;;
2025;12;Tarifa mensual fija de mantenimineto de cada ambiente adicional;qatottobo;qatottobo / 1 MainAccount;"105.923 USD; The selected range was from 9 to infinity";USD;105,92;1;;;FixedUSD;0;1;9;column_exact;;
2025;12;Tarifa mensual fija de mantenimineto de cada ambiente adicional;tottopr;tottopr / 1 MainAccount;"105.923 USD; The selected range was from 9 to infinity";USD;105,92;1;;;FixedUSD;0;1;10;column_exact;;
2025;12;Tarifa mensual fija de mantenimineto de cada ambiente adicional;tottoclqa;tottoclqa / 1 MainAccount;"105.923 USD; The selected range was from 9 to infinity";USD;105,92;1;;;FixedUSD;0;1;11;column_exact;;
2025;12;Tarifa mensual fija de mantenimineto de cada ambiente adicional;newbrandtotto;newbrandtotto / 1 MainAccount;"105.923 USD; The selected range was from 9 to infinity";USD;105,92;1;;;FixedUSD;0;1;12;column_exact;;
2025;12;Tarifa mensual fija de mantenimineto de cada ambiente adicional;tottodo;tottodo / 1 MainAccount;"105.923 USD; The selected range was from 9 to infinity";USD;105,92;1;;;FixedUSD;0;1;13;column_exact;;
2025;12;Tarifa mensual fija de mantenimineto de cada ambiente adicional;tottocob2b;tottocob2b / 1 MainAccount;"105.923 USD; The selected range was from 9 to infinity";USD;105,92;1;;;FixedUSD;0;1;14;column_exact;;
2025;12;Tarifa mensual fija de mantenimineto de cada ambiente adicional;tottob2bqa;tottob2bqa / 1 MainAccount;"105.923 USD; The selected range was from 9 to infinity";USD;105,92;1;;;FixedUSD;0;1;15;column_exact;;
2025;12;Tarifa mensual fija de mantenimineto de cada ambiente adicional;toparaqa;toparaqa / 1 MainAccount;"105.923 USD; The selected range was from 9 to infinity";USD;105,92;1;;;FixedUSD;0;1;16;column_exact;;
2025;12;Tarifa mensual fija de mantenimineto de cada ambiente adicional;tottocorporativo;tottocorporativo / 1 MainAccount;"105.923 USD; The selected range was from 9 to infinity";USD;105,92;1;;;FixedUSD;0;1;17;column_exact;;
2025;12;Tarifa mensual fija de mantenimineto de cada política comercial adicional;-;-;-;USD;529,62;2;2;FixedUSD;;;;;;Tarifa mensual fija de mantenimineto de cada política comercial adicional;USD 529.62
2025;12;Tarifa mensual fija de mantenimineto de cada política comercial adicional;tottopr;tottopr / 1 TradePolicy;"0 USD; Main Trade Policy";USD;0,00;2;;;FixedUSD;0;2;0;column_exact;;
2025;12;Tarifa mensual fija de mantenimineto de cada política comercial adicional;tottopr;tottopr / 1 TradePolicy;"105.923 USD; The selected range was from 1 to infinity";USD;105,92;2;;;FixedUSD;0;2;1;column_exact;;
2025;12;Tarifa mensual fija de mantenimineto de cada política comercial adicional;tottoecuador;tottoecuador / 1 TradePolicy;"0 USD; Main Trade Policy";USD;0,00;2;;;FixedUSD;0;2;2;column_exact;;
2025;12;Tarifa mensual fija de mantenimineto de cada política comercial adicional;tottoecuador;tottoecuador / 1 TradePolicy;"0 USD; Certified Trade Policy";USD;0,00;2;;;FixedUSD;0;2;3;column_exact;;
2025;12;Tarifa mensual fija de mantenimineto de cada política comercial adicional;tottoecuador;tottoecuador / 1 TradePolicy;"0 USD; Certified Trade Policy";USD;0,00;2;;;FixedUSD;0;2;4;column_exact;;
2025;12;Tarifa mensual fija de mantenimineto de cada política comercial adicional;tottoecuador;tottoecuador / 1 TradePolicy;"0 USD; Certified Trade Policy";USD;0,00;2;;;FixedUSD;0;2;5;column_exact;;
2025;12;Tarifa mensual fija de mantenimineto de cada política comercial adicional;tottoelsalvador;tottoelsalvador / 1 TradePolicy;"0 USD; Main Trade Policy";USD;0,00;2;;;FixedUSD;0;2;6;column_exact;;
2025;12;Tarifa mensual fija de mantenimineto de cada política comercial adicional;tottoco;tottoco / 1 TradePolicy;"0 USD; Main Trade Policy";USD;0,00;2;;;FixedUSD;0;2;7;column_exact;;
2025;12;Tarifa mensual fija de mantenimineto de cada política comercial adicional;tottoco;tottoco / 1 TradePolicy;"105.923 USD; The selected range was from 1 to infinity";USD;105,92;2;;;FixedUSD;0;2;8;column_exact;;
2025;12;Tarifa mensual fija de mantenimineto de cada política comercial adicional;tottoco;tottoco / 1 TradePolicy;"0 USD; Certified Trade Policy";USD;0,00;2;;;FixedUSD;0;2;9;column_exact;;
2025;12;Tarifa mensual fija de mantenimineto de cada política comercial adicional;tottoco;tottoco / 1 TradePolicy;"0 USD; Certified Trade Policy";USD;0,00;2;;;FixedUSD;0;2;10;column_exact;;
2025;12;Tarifa mensual fija de mantenimineto de cada política comercial adicional;tottoco;tottoco / 1 TradePolicy;"0 USD; Certified Trade Policy";USD;0,00;2;;;FixedUSD;0;2;11;column_exact;;
2025;12;Tarifa mensual fija de mantenimineto de cada política comercial adicional;tottoco;tottoco / 1 TradePolicy;"0 USD; Certified Trade Policy";USD;0,00;2;;;FixedUSD;0;2;12;column_exact;;
2025;12;Tarifa mensual fija de mantenimineto de cada política comercial adicional;tottoguatemala;tottoguatemala / 1 TradePolicy;"0 USD; Main Trade Policy";USD;0,00;2;;;FixedUSD;0;2;13;column_exact;;
2025;12;Tarifa mensual fija de mantenimineto de cada política comercial adicional;tottobo;tottobo / 1 TradePolicy;"0 USD; Main Trade Policy";USD;0,00;2;;;FixedUSD;0;2;14;column_exact;;
2025;12;Tarifa mensual fija de mantenimineto de cada política comercial adicional;tottob2bqa;tottob2bqa / 1 TradePolicy;"0 USD; Main Trade Policy";USD;0,00;2;;;FixedUSD;0;2;15;column_exact;;
2025;12;Tarifa mensual fija de mantenimineto de cada política comercial adicional;qatottobo;qatottobo / 1 TradePolicy;"0 USD; Main Trade Policy";USD;0,00;2;;;FixedUSD;0;2;16;column_exact;;
2025;12;Tarifa mensual fija de mantenimineto de cada política comercial adicional;tottocr;tottocr / 1 TradePolicy;"0 USD; Main Trade Policy";USD;0,00;2;;;FixedUSD;0;2;17;column_exact;;
2025;12;Tarifa mensual fija de mantenimineto de cada política comercial adicional;tottoqa;tottoqa / 1 TradePolicy;"0 USD; Main Trade Policy";USD;0,00;2;;;FixedUSD;0;2;18;column_exact;;
2025;12;Tarifa mensual fija de mantenimineto de cada política comercial adicional;tottoqa;tottoqa / 1 TradePolicy;"105.923 USD; The selected range was from 1 to infinity";USD;105,92;2;;;FixedUSD;0;2;19;column_exact;;
2025;12;Tarifa mensual fija de mantenimineto de cada política comercial adicional;tottoqa;tottoqa / 1 TradePolicy;"0 USD; Certified Trade Policy";USD;0,00;2;;;FixedUSD;0;2;20;column_exact;;
2025;12;Tarifa mensual fija de mantenimineto de cada política comercial adicional;tottoqa;tottoqa / 1 TradePolicy;"105.923 USD; The selected range was from 1 to infinity";USD;105,92;2;;;FixedUSD;0;2;21;column_exact;;
2025;12;Tarifa mensual fija de mantenimineto de cada política comercial adicional;newbrandtotto;newbrandtotto / 1 TradePolicy;"0 USD; Main Trade Policy";USD;0,00;2;;;FixedUSD;0;2;22;column_exact;;
2025;12;Tarifa mensual fija de mantenimineto de cada política comercial adicional;toparaqa;toparaqa / 1 TradePolicy;"0 USD; Main Trade Policy";USD;0,00;2;;;FixedUSD;0;2;23;column_exact;;
2025;12;Tarifa mensual fija de mantenimineto de cada política comercial adicional;tottoclqa;tottoclqa / 1 TradePolicy;"0 USD; Main Trade Policy";USD;0,00;2;;;FixedUSD;0;2;24;column_exact;;
2025;12;Tarifa mensual fija de mantenimineto de cada política comercial adicional;tottocl;tottocl / 1 TradePolicy;"0 USD; Main Trade Policy";USD;0,00;2;;;FixedUSD;0;2;25;column_exact;;
2025;12;Tarifa mensual fija de mantenimineto de cada política comercial adicional;tottocl;tottocl / 1 TradePolicy;"0 USD; Certified Trade Policy";USD;0,00;2;;;FixedUSD;0;2;26;column_exact;;
2025;12;Tarifa mensual fija de mantenimineto de cada política comercial adicional;tottomexico;tottomexico / 1 TradePolicy;"0 USD; Main Trade Policy";USD;0,00;2;;;FixedUSD;0;2;27;column_exact;;
2025;12;Tarifa mensual fija de mantenimineto de cada política comercial adicional;tottomexico;tottomexico / 1 TradePolicy;"0 USD; Certified Trade Policy";USD;0,00;2;;;FixedUSD;0;2;28;column_exact;;
2025;12;Tarifa mensual fija de mantenimineto de cada política comercial adicional;tottodo;tottodo / 1 TradePolicy;"0 USD; Main Trade Policy";USD;0,00;2;;;FixedUSD;0;2;29;column_exact;;
2025;12;Tarifa mensual fija de mantenimineto de cada política comercial adicional;tottocob2b;tottocob2b / 1 TradePolicy;"0 USD; Main Trade Policy";USD;0,00;2;;;FixedUSD;0;2;30;column_exact;;
2025;12;Tarifa mensual fija de mantenimineto de cada política comercial adicional;tottocob2b;tottocob2b / 1 TradePolicy;"105.923 USD; The selected range was from 1 to infinity";USD;105,92;2;;;FixedUSD;0;2;31;column_exact;;
2025;12;Tarifa mensual fija de mantenimineto de cada política comercial adicional;tottocorporativo;tottocorporativo / 1 TradePolicy;"0 USD; Main Trade Policy";USD;0,00;2;;;FixedUSD;0;2;32;column_exact;;
2025;12;Tasa mensual fija de mantenimiento de cada Seller White Label;-;-;-;USD;2.806,96;3;3;MainAccount;;;;;;Tasa mensual fija de mantenimiento de cada Seller White Label;USD 2,806.96
2025;12;Tasa mensual fija de mantenimiento de cada Seller White Label;tottocowlpv243;tottocowlpv243 / 1 WhiteLabel;"2,118.465 USD; The selected range was from 0 to 1";USD;2.118,47;3;;;MainAccount;0;3;0;column_exact;;
2025;12;Tasa mensual fija de mantenimiento de cada Seller White Label;tottocowlpv288;tottocowlpv288 / 1 WhiteLabel;"0 USD; The selected range was from 2 to 200";USD;0,00;3;;;MainAccount;0;3;1;column_exact;;
2025;12;Tasa mensual fija de mantenimiento de cada Seller White Label;tottocowlpv277;tottocowlpv277 / 1 WhiteLabel;"0 USD; The selected range was from 2 to 200";USD;0,00;3;;;MainAccount;0;3;2;column_exact;;
2025;12;Tasa mensual fija de mantenimiento de cada Seller White Label;tottocowlpv339;tottocowlpv339 / 1 WhiteLabel;"0 USD; The selected range was from 2 to 200";USD;0,00;3;;;MainAccount;0;3;3;column_exact;;
2025;12;Tasa mensual fija de mantenimiento de cada Seller White Label;tottocowlpv98;tottocowlpv98 / 1 WhiteLabel;"0 USD; The selected range was from 2 to 200";USD;0,00;3;;;MainAccount;0;3;4;column_exact;;
2025;12;Tasa mensual fija de mantenimiento de cada Seller White Label;tottocowlpv294;tottocowlpv294 / 1 WhiteLabel;"0 USD; The selected range was from 2 to 200";USD;0,00;3;;;MainAccount;0;3;5;column_exact;;
2025;12;Tasa mensual fija de mantenimiento de cada Seller White Label;tottocowlpv34;tottocowlpv34 / 1 WhiteLabel;"0 USD; The selected range was from 2 to 200";USD;0,00;3;;;MainAccount;0;3;6;column_exact;;
2025;12;Tasa mensual fija de mantenimiento de cada Seller White Label;tottocowlpv275;tottocowlpv275 / 1 WhiteLabel;"0 USD; The selected range was from 2 to 200";USD;0,00;3;;;MainAccount;0;3;7;column_exact;;
2025;12;Tasa mensual fija de mantenimiento de cada Seller White Label;tottocowlpv128;tottocowlpv128 / 1 WhiteLabel;"0 USD; The selected range was from 2 to 200";USD;0,00;3;;;MainAccount;0;3;8;column_exact;;
2025;12;Tasa mensual fija de mantenimiento de cada Seller White Label;tottocowlpv210;tottocowlpv210 / 1 WhiteLabel;"0 USD; The selected range was from 2 to 200";USD;0,00;3;;;MainAccount;0;3;9;column_exact;;
2025;12;Tasa mensual fija de mantenimiento de cada Seller White Label;tottocowlpv221;tottocowlpv221 / 1 WhiteLabel;"0 USD; The selected range was from 2 to 200";USD;0,00;3;;;MainAccount;0;3;10;column_exact;;
2025;12;Tasa mensual fija de mantenimiento de cada Seller White Label;tottocowlpv188;tottocowlpv188 / 1 WhiteLabel;"0 USD; The selected range was from 2 to 200";USD;0,00;3;;;MainAccount;0;3;11;column_exact;;
2025;12;Tasa mensual fija de mantenimiento de cada Seller White Label;tottocowlpv318;tottocowlpv318 / 1 WhiteLabel;"0 USD; The selected range was from 2 to 200";USD;0,00;3;;;MainAccount;0;3;12;column_exact;;
2025;12;Tasa mensual fija de mantenimiento de cada Seller White Label;tottocowlpv343;tottocowlpv343 / 1 WhiteLabel;"0 USD; The selected range was from 2 to 200";USD;0,00;3;;;MainAccount;0;3;13;column_exact;;
2025;12;Tasa mensual fija de mantenimiento de cada Seller White Label;tottocowlpv83;tottocowlpv83 / 1 WhiteLabel;"0 USD; The selected range was from 2 to 200";USD;0,00;3;;;MainAccount;0;3;14;column_exact;;
2025;12;Tasa mensual fija de mantenimiento de cada Seller White Label;tottocowlpv105;tottocowlpv105 / 1 WhiteLabel;"0 USD; The selected range was from 2 to 200";USD;0,00;3;;;MainAccount;0;3;15;column_exact;;
2025;12;Tasa mensual fija de mantenimiento de cada Seller White Label;tottocowlpv42;tottocowlpv42 / 1 WhiteLabel;"0 USD; The selected range was from 2 to 200";USD;0,00;3;;;MainAccount;0;3;16;column_exact;;
2025;12;Tasa mensual fija de mantenimiento de cada Seller White Label;tottocowlpv26;tottocowlpv26 / 1 WhiteLabel;"0 USD; The selected range was from 2 to 200";USD;0,00;3;;;MainAccount;0;3;17;column_exact;;
2025;12;Tasa mensual fija de mantenimiento de cada Seller White Label;tottocowlpv75;tottocowlpv75 / 1 WhiteLabel;"0 USD; The selected range was from 2 to 200";USD;0,00;3;;;MainAccount;0;3;18;column_exact;;
2025;12;Tasa mensual fija de mantenimiento de cada Seller White Label;tottocowlpv3;tottocowlpv3 / 1 WhiteLabel;"0 USD; The selected range was from 2 to 200";USD;0,00;3;;;MainAccount;0;3;19;column_exact;;
2025;12;Tasa mensual fija de mantenimiento de cada Seller White Label;tottocowlpv6;tottocowlpv6 / 1 WhiteLabel;"0 USD; The selected range was from 2 to 200";USD;0,00;3;;;MainAccount;0;3;20;column_exact;;
2025;12;Tasa mensual fija de mantenimiento de cada Seller White Label;tottocowlpv319;tottocowlpv319 / 1 WhiteLabel;"0 USD; The selected range was from 2 to 200";USD;0,00;3;;;MainAccount;0;3;21;column_exact;;
2025;12;Tasa mensual fija de mantenimiento de cada Seller White Label;tottocoinbound;tottocoinbound / 1 WhiteLabel;"0 USD; The selected range was from 2 to 200";USD;0,00;3;;;MainAccount;0;3;22;column_exact;;
2025;12;Tasa mensual fija de mantenimiento de cada Seller White Label;tottocowlpv61;tottocowlpv61 / 1 WhiteLabel;"0 USD; The selected range was from 2 to 200";USD;0,00;3;;;MainAccount;0;3;23;column_exact;;
2025;12;Tasa mensual fija de mantenimiento de cada Seller White Label;tottocowlpv195;tottocowlpv195 / 1 WhiteLabel;"0 USD; The selected range was from 2 to 200";USD;0,00;3;;;MainAccount;0;3;24;column_exact;;
2025;12;Tasa mensual fija de mantenimiento de cada Seller White Label;tottocowlpv287;tottocowlpv287 / 1 WhiteLabel;"0 USD; The selected range was from 2 to 200";USD;0,00;3;;;MainAccount;0;3;25;column_exact;;
2025;12;Tasa mensual fija de mantenimiento de cada Seller White Label;tottocowlpv189;tottocowlpv189 / 1 WhiteLabel;"0 USD; The selected range was from 2 to 200";USD;0,00;3;;;MainAccount;0;3;26;column_exact;;
2025;12;Tasa mensual fija de mantenimiento de cada Seller White Label;tottocowlpv283;tottocowlpv283 / 1 WhiteLabel;"0 USD; The selected range was from 2 to 200";USD;0,00;3;;;MainAccount;0;3;27;column_exact;;
2025;12;Tasa mensual fija de mantenimiento de cada Seller White Label;tottocowlpv257;tottocowlpv257 / 1 WhiteLabel;"0 USD; The selected range was from 2 to 200";USD;0,00;3;;;MainAccount;0;3;28;column_exact;;
2025;12;Tasa mensual fija de mantenimiento de cada Seller White Label;tottocowlpv13;tottocowlpv13 / 1 WhiteLabel;"0 USD; The selected range was from 2 to 200";USD;0,00;3;;;MainAccount;0;3;29;column_exact;;
2025;12;Tasa mensual fija de mantenimiento de cada Seller White Label;tottocowlpv143;tottocowlpv143 / 1 WhiteLabel;"0 USD; The selected range was from 2 to 200";USD;0,00;3;;;MainAccount;0;3;30;column_exact;;
2025;12;Tasa mensual fija de mantenimiento de cada Seller White Label;tottocowlpv173;tottocowlpv173 / 1 WhiteLabel;"0 USD; The selected range was from 2 to 200";USD;0,00;3;;;MainAccount;0;3;31;column_exact;;
2025;12;Tasa mensual fija de mantenimiento de cada Seller White Label;tottocowlpv263;tottocowlpv263 / 1 WhiteLabel;"0 USD; The selected range was from 2 to 200";USD;0,00;3;;;MainAccount;0;3;32;column_exact;;
2025;12;Tasa mensual fija de mantenimiento de cada Seller White Label;tottocowlpv9;tottocowlpv9 / 1 WhiteLabel;"0 USD; The selected range was from 2 to 200";USD;0,00;3;;;MainAccount;0;3;33;column_exact;;
2025;12;Tasa mensual fija de mantenimiento de cada Seller White Label;tottocowlpv107;tottocowlpv107 / 1 WhiteLabel;"0 USD; The selected range was from 2 to 200";USD;0,00;3;;;MainAccount;0;3;34;column_exact;;
2025;12;Tasa mensual fija de mantenimiento de cada Seller White Label;tottocowlpv78;tottocowlpv78 / 1 WhiteLabel;"0 USD; The selected range was from 2 to 200";USD;0,00;3;;;MainAccount;0;3;35;column_exact;;
2025;12;Tasa mensual fija de mantenimiento de cada Seller White Label;tottocowlpv324;tottocowlpv324 / 1 WhiteLabel;"0 USD; The selected range was from 2 to 200";USD;0,00;3;;;MainAccount;0;3;36;column_exact;;
2025;12;Tasa mensual fija de mantenimiento de cada Seller White Label;tottocowlpv20;tottocowlpv20 / 1 WhiteLabel;"0 USD; The selected range was from 2 to 200";USD;0,00;3;;;MainAccount;0;3;37;column_exact;;
2025;12;Tasa mensual fija de mantenimiento de cada Seller White Label;tottocowlpv309;tottocowlpv309 / 1 WhiteLabel;"0 USD; The selected range was from 2 to 200";USD;0,00;3;;;MainAccount;0;3;38;column_exact;;
2025;12;Tasa mensual fija de mantenimiento de cada Seller White Label;tottocowlpv62;tottocowlpv62 / 1 WhiteLabel;"0 USD; The selected range was from 2 to 200";USD;0,00;3;;;MainAccount;0;3;39;column_exact;;
2025;12;Tasa mensual fija de mantenimiento de cada Seller White Label;tottocowlpv175;tottocowlpv175 / 1 WhiteLabel;"0 USD; The selected range was from 2 to 200";USD;0,00;3;;;MainAccount;0;3;40;column_exact;;
2025;12;Tasa mensual fija de mantenimiento de cada Seller White Label;tottocowlpv101;tottocowlpv101 / 1 WhiteLabel;"0 USD; The selected range was from 2 to 200";USD;0,00;3;;;MainAccount;0;3;41;column_exact;;
2025;12;Tasa mensual fija de mantenimiento de cada Seller White Label;tottocowlpv64;tottocowlpv64 / 1 WhiteLabel;"0 USD; The selected range was from 2 to 200";USD;0,00;3;;;MainAccount;0;3;42;column_exact;;
2025;12;Tasa mensual fija de mantenimiento de cada Seller White Label;tottocowlpv15;tottocowlpv15 / 1 WhiteLabel;"0 USD; The selected range was from 2 to 200";USD;0,00;3;;;MainAccount;0;3;43;column_exact;;
2025;12;Tasa mensual fija de mantenimiento de cada Seller White Label;tottocowlpv113;tottocowlpv113 / 1 WhiteLabel;"0 USD; The selected range was from 2 to 200";USD;0,00;3;;;MainAccount;0;3;44;column_exact;;
2025;12;Tasa mensual fija de mantenimiento de cada Seller White Label;tottocowlpv146;tottocowlpv146 / 1 WhiteLabel;"0 USD; The selected range was from 2 to 200";USD;0,00;3;;;MainAccount;0;3;45;column_exact;;
2025;12;Tasa mensual fija de mantenimiento de cada Seller White Label;tottocowlpv70;tottocowlpv70 / 1 WhiteLabel;"0 USD; The selected range was from 2 to 200";USD;0,00;3;;;MainAccount;0;3;46;column_exact;;
2025;12;Tasa mensual fija de mantenimiento de cada Seller White Label;tottocowlpv37;tottocowlpv37 / 1 WhiteLabel;"0 USD; The selected range was from 2 to 200";USD;0,00;3;;;MainAccount;0;3;47;column_exact;;
2025;12;Tasa mensual fija de mantenimiento de cada Seller White Label;tottocowlpv40;tottocowlpv40 / 1 WhiteLabel;"0 USD; The selected range was from 2 to 200";USD;0,00;3;;;MainAccount;0;3;48;column_exact;;
2025;12;Tasa mensual fija de mantenimiento de cada Seller White Label;tottocowlpv299;tottocowlpv299 / 1 WhiteLabel;"0 USD; The selected range was from 2 to 200";USD;0,00;3;;;MainAccount;0;3;49;column_exact;;
2025;12;Tasa mensual fija de mantenimiento de cada Seller White Label;tottocowlpv298;tottocowlpv298 / 1 WhiteLabel;"0 USD; The selected range was from 2 to 200";USD;0,00;3;;;MainAccount;0;3;50;column_exact;;
2025;12;Tasa mensual fija de mantenimiento de cada Seller White Label;tottocowlpv36;tottocowlpv36 / 1 WhiteLabel;"0 USD; The selected range was from 2 to 200";USD;0,00;3;;;MainAccount;0;3;51;column_exact;;
2025;12;Tasa mensual fija de mantenimiento de cada Seller White Label;tottocowlpv229;tottocowlpv229 / 1 WhiteLabel;"0 USD; The selected range was from 2 to 200";USD;0,00;3;;;MainAccount;0;3;52;column_exact;;
2025;12;Tasa mensual fija de mantenimiento de cada Seller White Label;tottocowlpv174;tottocowlpv174 / 1 WhiteLabel;"0 USD; The selected range was from 2 to 200";USD;0,00;3;;;MainAccount;0;3;53;column_exact;;
2025;12;Tasa mensual fija de mantenimiento de cada Seller White Label;tottocowlpv88;tottocowlpv88 / 1 WhiteLabel;"0 USD; The selected range was from 2 to 200";USD;0,00;3;;;MainAccount;0;3;54;column_exact;;
2025;12;Tasa mensual fija de mantenimiento de cada Seller White Label;tottocowlpv321;tottocowlpv321 / 1 WhiteLabel;"0 USD; The selected range was from 2 to 200";USD;0,00;3;;;MainAccount;0;3;55;column_exact;;
2025;12;Tasa mensual fija de mantenimiento de cada Seller White Label;tottocowlpv260;tottocowlpv260 / 1 WhiteLabel;"0 USD; The selected range was from 2 to 200";USD;0,00;3;;;MainAccount;0;3;56;column_exact;;
2025;12;Tasa mensual fija de mantenimiento de cada Seller White Label;tottocowlpv35;tottocowlpv35 / 1 WhiteLabel;"0 USD; The selected range was from 2 to 200";USD;0,00;3;;;MainAccount;0;3;57;column_exact;;
2025;12;Tasa mensual fija de mantenimiento de cada Seller White Label;tottocowlpv211;tottocowlpv211 / 1 WhiteLabel;"0 USD; The selected range was from 2 to 200";USD;0,00;3;;;MainAccount;0;3;58;column_exact;;
2025;12;Tasa mensual fija de mantenimiento de cada Seller White Label;tottocowlpv116;tottocowlpv116 / 1 WhiteLabel;"0 USD; The selected range was from 2 to 200";USD;0,00;3;;;MainAccount;0;3;59;column_exact;;
2025;12;Tasa mensual fija de mantenimiento de cada Seller White Label;tottocowlpv297;tottocowlpv297 / 1 WhiteLabel;"0 USD; The selected range was from 2 to 200";USD;0,00;3;;;MainAccount;0;3;60;column_exact;;
2025;12;Tasa mensual fija de mantenimiento de cada Seller White Label;tottocowlpv261;tottocowlpv261 / 1 WhiteLabel;"0 USD; The selected range was from 2 to 200";USD;0,00;3;;;MainAccount;0;3;61;column_exact;;
2025;12;Tasa mensual fija de mantenimiento de cada Seller White Label;tottocowlpv233;tottocowlpv233 / 1 WhiteLabel;"0 USD; The selected range was from 2 to 200";USD;0,00;3;;;MainAccount;0;3;62;column_exact;;
2025;12;Tasa mensual fija de mantenimiento de cada Seller White Label;tottocowlpv157;tottocowlpv157 / 1 WhiteLabel;"0 USD; The selected range was from 2 to 200";USD;0,00;3;;;MainAccount;0;3;63;column_exact;;
2025;12;Tasa mensual fija de mantenimiento de cada Seller White Label;tottocowlpv289;tottocowlpv289 / 1 WhiteLabel;"0 USD; The selected range was from 2 to 200";USD;0,00;3;;;MainAccount;0;3;64;column_exact;;
2025;12;Tasa mensual fija de mantenimiento de cada Seller White Label;tottocowlpv317;tottocowlpv317 / 1 WhiteLabel;"0 USD; The selected range was from 2 to 200";USD;0,00;3;;;MainAccount;0;3;65;column_exact;;
2025;12;Tasa mensual fija de mantenimiento de cada Seller White Label;tottocowlpv187;tottocowlpv187 / 1 WhiteLabel;"0 USD; The selected range was from 2 to 200";USD;0,00;3;;;MainAccount;0;3;66;column_exact;;
2025;12;Tasa mensual fija de mantenimiento de cada Seller White Label;tottocowlpv168;tottocowlpv168 / 1 WhiteLabel;"0 USD; The selected range was from 2 to 200";USD;0,00;3;;;MainAccount;0;3;67;column_exact;;
2025;12;Tasa mensual fija de mantenimiento de cada Seller White Label;tottocowlpv238;tottocowlpv238 / 1 WhiteLabel;"0 USD; The selected range was from 2 to 200";USD;0,00;3;;;MainAccount;0;3;68;column_exact;;
2025;12;Tasa mensual fija de mantenimiento de cada Seller White Label;tottocowlfq45;tottocowlfq45 / 1 WhiteLabel;"0 USD; The selected range was from 2 to 200";USD;0,00;3;;;MainAccount;0;3;69;column_exact;;
2025;12;Tasa mensual fija de mantenimiento de cada Seller White Label;tottocowlpv232;tottocowlpv232 / 1 WhiteLabel;"0 USD; The selected range was from 2 to 200";USD;0,00;3;;;MainAccount;0;3;70;column_exact;;
2025;12;Tasa mensual fija de mantenimiento de cada Seller White Label;tottocowlpv207;tottocowlpv207 / 1 WhiteLabel;"0 USD; The selected range was from 2 to 200";USD;0,00;3;;;MainAccount;0;3;71;column_exact;;
2025;12;Tasa mensual fija de mantenimiento de cada Seller White Label;tottocowlpv322;tottocowlpv322 / 1 WhiteLabel;"0 USD; The selected range was from 2 to 200";USD;0,00;3;;;MainAccount;0;3;72;column_exact;;
2025;12;Tasa mensual fija de mantenimiento de cada Seller White Label;tottocowlpv291;tottocowlpv291 / 1 WhiteLabel;"0 USD; The selected range was from 2 to 200";USD;0,00;3;;;MainAccount;0;3;73;column_exact;;
2025;12;Tasa mensual fija de mantenimiento de cada Seller White Label;tottocowlpv365;tottocowlpv365 / 1 WhiteLabel;"0 USD; The selected range was from 2 to 200";USD;0,00;3;;;MainAccount;0;3;74;column_exact;;
2025;12;Tasa mensual fija de mantenimiento de cada Seller White Label;tottocowlpv293;tottocowlpv293 / 1 WhiteLabel;"0 USD; The selected range was from 2 to 200";USD;0,00;3;;;MainAccount;0;3;75;column_exact;;
2025;12;Tasa mensual fija de mantenimiento de cada Seller White Label;tottocowlfq82;tottocowlfq82 / 1 WhiteLabel;"0 USD; The selected range was from 2 to 200";USD;0,00;3;;;MainAccount;0;3;76;column_exact;;
2025;12;Tasa mensual fija de mantenimiento de cada Seller White Label;tottocowlpv316;tottocowlpv316 / 1 WhiteLabel;"0 USD; The selected range was from 2 to 200";USD;0,00;3;;;MainAccount;0;3;77;column_exact;;
2025;12;Tasa mensual fija de mantenimiento de cada Seller White Label;tottocowlpv11;tottocowlpv11 / 1 WhiteLabel;"0 USD; The selected range was from 2 to 200";USD;0,00;3;;;MainAccount;0;3;78;column_exact;;
2025;12;Tasa mensual fija de mantenimiento de cada Seller White Label;tottocowlpv197;tottocowlpv197 / 1 WhiteLabel;"0 USD; The selected range was from 2 to 200";USD;0,00;3;;;MainAccount;0;3;79;column_exact;;
2025;12;Tasa mensual fija de mantenimiento de cada Seller White Label;tottocowlpv121;tottocowlpv121 / 1 WhiteLabel;"0 USD; The selected range was from 2 to 200";USD;0,00;3;;;MainAccount;0;3;80;column_exact;;
2025;12;Tasa mensual fija de mantenimiento de cada Seller White Label;tottocowlfq44;tottocowlfq44 / 1 WhiteLabel;"0 USD; The selected range was from 2 to 200";USD;0,00;3;;;MainAccount;0;3;81;column_exact;;
2025;12;Tasa mensual fija de mantenimiento de cada Seller White Label;tottocowlpv352;tottocowlpv352 / 1 WhiteLabel;"0 USD; The selected range was from 2 to 200";USD;0,00;3;;;MainAccount;0;3;82;column_exact;;
2025;12;Tasa mensual fija de mantenimiento de cada Seller White Label;tottocowlpv82;tottocowlpv82 / 1 WhiteLabel;"0 USD; The selected range was from 2 to 200";USD;0,00;3;;;MainAccount;0;3;83;column_exact;;
2025;12;Tasa mensual fija de mantenimiento de cada Seller White Label;tottocowlpv337;tottocowlpv337 / 1 WhiteLabel;"0 USD; The selected range was from 2 to 200";USD;0,00;3;;;MainAccount;0;3;84;column_exact;;
2025;12;Tasa mensual fija de mantenimiento de cada Seller White Label;tottocowlpv345;tottocowlpv345 / 1 WhiteLabel;"0 USD; The selected range was from 2 to 200";USD;0,00;3;;;MainAccount;0;3;85;column_exact;;
2025;12;Tasa mensual fija de mantenimiento de cada Seller White Label;tottocowlpv398;tottocowlpv398 / 1 WhiteLabel;"0 USD; The selected range was from 2 to 200";USD;0,00;3;;;MainAccount;0;3;86;column_exact;;
2025;12;Tasa mensual fija de mantenimiento de cada Seller White Label;tottocowlpv79;tottocowlpv79 / 1 WhiteLabel;"0 USD; The selected range was from 2 to 200";USD;0,00;3;;;MainAccount;0;3;87;column_exact;;
2025;12;Tasa mensual fija de mantenimiento de cada Seller White Label;tottocowlpv74;tottocowlpv74 / 1 WhiteLabel;"0 USD; The selected range was from 2 to 200";USD;0,00;3;;;MainAccount;0;3;88;column_exact;;
2025;12;Tasa mensual fija de mantenimiento de cada Seller White Label;tottocowlpv156;tottocowlpv156 / 1 WhiteLabel;"0 USD; The selected range was from 2 to 200";USD;0,00;3;;;MainAccount;0;3;89;column_exact;;
2025;12;Tasa mensual fija de mantenimiento de cada Seller White Label;tottocowlpv347;tottocowlpv347 / 1 WhiteLabel;"0 USD; The selected range was from 2 to 200";USD;0,00;3;;;MainAccount;0;3;90;column_exact;;
2025;12;Tasa mensual fija de mantenimiento de cada Seller White Label;tottocowlpv84;tottocowlpv84 / 1 WhiteLabel;"0 USD; The selected range was from 2 to 200";USD;0,00;3;;;MainAccount;0;3;91;column_exact;;
2025;12;Tasa mensual fija de mantenimiento de cada Seller White Label;tottocowlpv63;tottocowlpv63 / 1 WhiteLabel;"0 USD; The selected range was from 2 to 200";USD;0,00;3;;;MainAccount;0;3;92;column_exact;;
2025;12;Tasa mensual fija de mantenimiento de cada Seller White Label;tottocowlpv29;tottocowlpv29 / 1 WhiteLabel;"0 USD; The selected range was from 2 to 200";USD;0,00;3;;;MainAccount;0;3;93;column_exact;;
2025;12;Tasa mensual fija de mantenimiento de cada Seller White Label;tottocowlpv342;tottocowlpv342 / 1 WhiteLabel;"0 USD; The selected range was from 2 to 200";USD;0,00;3;;;MainAccount;0;3;94;column_exact;;
2025;12;Tasa mensual fija de mantenimiento de cada Seller White Label;tottocowlpv340;tottocowlpv340 / 1 WhiteLabel;"0 USD; The selected range was from 2 to 200";USD;0,00;3;;;MainAccount;0;3;95;column_exact;;
2025;12;Tasa mensual fija de mantenimiento de cada Seller White Label;tottocowlpv270;tottocowlpv270 / 1 WhiteLabel;"0 USD; The selected range was from 2 to 200";USD;0,00;3;;;MainAccount;0;3;96;column_exact;;
2025;12;Tasa mensual fija de mantenimiento de cada Seller White Label;tottocowlpv334;tottocowlpv334 / 1 WhiteLabel;"0 USD; The selected range was from 2 to 200";USD;0,00;3;;;MainAccount;0;3;97;column_exact;;
2025;12;Tasa mensual fija de mantenimiento de cada Seller White Label;tottocowlpv119;tottocowlpv119 / 1 WhiteLabel;"0 USD; The selected range was from 2 to 200";USD;0,00;3;;;MainAccount;0;3;98;column_exact;;
2025;12;Tasa mensual fija de mantenimiento de cada Seller White Label;tottocowlpv95;tottocowlpv95 / 1 WhiteLabel;"0 USD; The selected range was from 2 to 200";USD;0,00;3;;;MainAccount;0;3;99;column_exact;;
2025;12;Tasa mensual fija de mantenimiento de cada Seller White Label;tottocowlpv247;tottocowlpv247 / 1 WhiteLabel;"0 USD; The selected range was from 2 to 200";USD;0,00;3;;;MainAccount;0;3;100;column_exact;;
2025;12;Tasa mensual fija de mantenimiento de cada Seller White Label;tottocowlpv282;tottocowlpv282 / 1 WhiteLabel;"0 USD; The selected range was from 2 to 200";USD;0,00;3;;;MainAccount;0;3;101;column_exact;;
2025;12;Tasa mensual fija de mantenimiento de cada Seller White Label;tottocowlpv16;tottocowlpv16 / 1 WhiteLabel;"0 USD; The selected range was from 2 to 200";USD;0,00;3;;;MainAccount;0;3;102;column_exact;;
2025;12;Tasa mensual fija de mantenimiento de cada Seller White Label;tottocowlpv348;tottocowlpv348 / 1 WhiteLabel;"0 USD; The selected range was from 2 to 200";USD;0,00;3;;;MainAccount;0;3;103;column_exact;;
2025;12;Tasa mensual fija de mantenimiento de cada Seller White Label;tottocowlpv346;tottocowlpv346 / 1 WhiteLabel;"0 USD; The selected range was from 2 to 200";USD;0,00;3;;;MainAccount;0;3;104;column_exact;;
2025;12;Tasa mensual fija de mantenimiento de cada Seller White Label;tottocowlpv336;tottocowlpv336 / 1 WhiteLabel;"0 USD; The selected range was from 2 to 200";USD;0,00;3;;;MainAccount;0;3;105;column_exact;;
2025;12;Tasa mensual fija de mantenimiento de cada Seller White Label;tottocowlpv371;tottocowlpv371 / 1 WhiteLabel;"0 USD; The selected range was from 2 to 200";USD;0,00;3;;;MainAccount;0;3;106;column_exact;;
2025;12;Tasa mensual fija de mantenimiento de cada Seller White Label;tottocowlpv376;tottocowlpv376 / 1 WhiteLabel;"0 USD; The selected range was from 2 to 200";USD;0,00;3;;;MainAccount;0;3;107;column_exact;;
2025;12;Tasa mensual fija de mantenimiento de cada Seller White Label;tottocowlpv87;tottocowlpv87 / 1 WhiteLabel;"0 USD; The selected range was from 2 to 200";USD;0,00;3;;;MainAccount;0;3;108;column_exact;;
2025;12;Tasa mensual fija de mantenimiento de cada Seller White Label;tottocowlpv142;tottocowlpv142 / 1 WhiteLabel;"0 USD; The selected range was from 2 to 200";USD;0,00;3;;;MainAccount;0;3;109;column_exact;;
2025;12;Tasa mensual fija de mantenimiento de cada Seller White Label;tottocowlpv351;tottocowlpv351 / 1 WhiteLabel;"0 USD; The selected range was from 2 to 200";USD;0,00;3;;;MainAccount;0;3;110;column_exact;;
2025;12;Tasa mensual fija de mantenimiento de cada Seller White Label;tottocowlpv239;tottocowlpv239 / 1 WhiteLabel;"0 USD; The selected range was from 2 to 200";USD;0,00;3;;;MainAccount;0;3;111;column_exact;;
2025;12;Tasa mensual fija de mantenimiento de cada Seller White Label;tottocowlpv139;tottocowlpv139 / 1 WhiteLabel;"0 USD; The selected range was from 2 to 200";USD;0,00;3;;;MainAccount;0;3;112;column_exact;;
2025;12;Tasa mensual fija de mantenimiento de cada Seller White Label;tottocowlpv252;tottocowlpv252 / 1 WhiteLabel;"0 USD; The selected range was from 2 to 200";USD;0,00;3;;;MainAccount;0;3;113;column_exact;;
2025;12;Tasa mensual fija de mantenimiento de cada Seller White Label;tottocowlpv256;tottocowlpv256 / 1 WhiteLabel;"0 USD; The selected range was from 2 to 200";USD;0,00;3;;;MainAccount;0;3;114;column_exact;;
2025;12;Tasa mensual fija de mantenimiento de cada Seller White Label;tottocowlpv54;tottocowlpv54 / 1 WhiteLabel;"0 USD; The selected range was from 2 to 200";USD;0,00;3;;;MainAccount;0;3;115;column_exact;;
2025;12;Tasa mensual fija de mantenimiento de cada Seller White Label;tottocowlpv308;tottocowlpv308 / 1 WhiteLabel;"0 USD; The selected range was from 2 to 200";USD;0,00;3;;;MainAccount;0;3;116;column_exact;;
2025;12;Tasa mensual fija de mantenimiento de cada Seller White Label;tottocowlpv137;tottocowlpv137 / 1 WhiteLabel;"0 USD; The selected range was from 2 to 200";USD;0,00;3;;;MainAccount;0;3;117;column_exact;;
2025;12;Tasa mensual fija de mantenimiento de cada Seller White Label;tottocowlpv248;tottocowlpv248 / 1 WhiteLabel;"0 USD; The selected range was from 2 to 200";USD;0,00;3;;;MainAccount;0;3;118;column_exact;;
2025;12;Tasa mensual fija de mantenimiento de cada Seller White Label;tottocowlpv81;tottocowlpv81 / 1 WhiteLabel;"0 USD; The selected range was from 2 to 200";USD;0,00;3;;;MainAccount;0;3;119;column_exact;;
2025;12;Tasa mensual fija de mantenimiento de cada Seller White Label;tottocowlpv266;tottocowlpv266 / 1 WhiteLabel;"0 USD; The selected range was from 2 to 200";USD;0,00;3;;;MainAccount;0;3;120;column_exact;;
2025;12;Tasa mensual fija de mantenimiento de cada Seller White Label;tottocowlpv235;tottocowlpv235 / 1 WhiteLabel;"0 USD; The selected range was from 2 to 200";USD;0,00;3;;;MainAccount;0;3;121;column_exact;;
2025;12;Tasa mensual fija de mantenimiento de cada Seller White Label;tottocowlpv163;tottocowlpv163 / 1 WhiteLabel;"0 USD; The selected range was from 2 to 200";USD;0,00;3;;;MainAccount;0;3;122;column_exact;;
2025;12;Tasa mensual fija de mantenimiento de cada Seller White Label;tottocowlpv201;tottocowlpv201 / 1 WhiteLabel;"0 USD; The selected range was from 2 to 200";USD;0,00;3;;;MainAccount;0;3;123;column_exact;;
2025;12;Tasa mensual fija de mantenimiento de cada Seller White Label;tottocowlpv296;tottocowlpv296 / 1 WhiteLabel;"0 USD; The selected range was from 2 to 200";USD;0,00;3;;;MainAccount;0;3;124;column_exact;;
2025;12;Tasa mensual fija de mantenimiento de cada Seller White Label;tottocowlpv140;tottocowlpv140 / 1 WhiteLabel;"0 USD; The selected range was from 2 to 200";USD;0,00;3;;;MainAccount;0;3;125;column_exact;;
2025;12;Tasa mensual fija de mantenimiento de cada Seller White Label;tottocowlpv138;tottocowlpv138 / 1 WhiteLabel;"0 USD; The selected range was from 2 to 200";USD;0,00;3;;;MainAccount;0;3;126;column_exact;;
2025;12;Tasa mensual fija de mantenimiento de cada Seller White Label;tottocowlpv67;tottocowlpv67 / 1 WhiteLabel;"0 USD; The selected range was from 2 to 200";USD;0,00;3;;;MainAccount;0;3;127;column_exact;;
2025;12;Tasa mensual fija de mantenimiento de cada Seller White Label;tottocowlpv182;tottocowlpv182 / 1 WhiteLabel;"0 USD; The selected range was from 2 to 200";USD;0,00;3;;;MainAccount;0;3;128;column_exact;;
2025;12;Tasa mensual fija de mantenimiento de cada Seller White Label;tottocowlpv141;tottocowlpv141 / 1 WhiteLabel;"0 USD; The selected range was from 2 to 200";USD;0,00;3;;;MainAccount;0;3;129;column_exact;;
2025;12;Tasa mensual fija de mantenimiento de cada Seller White Label;tottocowlpv250;tottocowlpv250 / 1 WhiteLabel;"0 USD; The selected range was from 2 to 200";USD;0,00;3;;;MainAccount;0;3;130;column_exact;;
2025;12;Tasa mensual fija de mantenimiento de cada Seller White Label;tottocowlpv326;tottocowlpv326 / 1 WhiteLabel;"0 USD; The selected range was from 2 to 200";USD;0,00;3;;;MainAccount;0;3;131;column_exact;;
2025;12;Tasa mensual fija de mantenimiento de cada Seller White Label;tottocowlpv249;tottocowlpv249 / 1 WhiteLabel;"0 USD; The selected range was from 2 to 200";USD;0,00;3;;;MainAccount;0;3;132;column_exact;;
2025;12;Tasa mensual fija de mantenimiento de cada Seller White Label;tottocowlpv136;tottocowlpv136 / 1 WhiteLabel;"0 USD; The selected range was from 2 to 200";USD;0,00;3;;;MainAccount;0;3;133;column_exact;;
2025;12;Tasa mensual fija de mantenimiento de cada Seller White Label;tottocowlpv85;tottocowlpv85 / 1 WhiteLabel;"0 USD; The selected range was from 2 to 200";USD;0,00;3;;;MainAccount;0;3;134;column_exact;;
2025;12;Tasa mensual fija de mantenimiento de cada Seller White Label;tottocowlpv373;tottocowlpv373 / 1 WhiteLabel;"0 USD; The selected range was from 2 to 200";USD;0,00;3;;;MainAccount;0;3;135;column_exact;;
2025;12;Tasa mensual fija de mantenimiento de cada Seller White Label;tottocowlpv372;tottocowlpv372 / 1 WhiteLabel;"0 USD; The selected range was from 2 to 200";USD;0,00;3;;;MainAccount;0;3;136;column_exact;;
2025;12;Tasa mensual fija de mantenimiento de cada Seller White Label;tottocowlpv374;tottocowlpv374 / 1 WhiteLabel;"0 USD; The selected range was from 2 to 200";USD;0,00;3;;;MainAccount;0;3;137;column_exact;;
2025;12;Tasa mensual fija de mantenimiento de cada Seller White Label;tottocowlpv153;tottocowlpv153 / 1 WhiteLabel;"0 USD; The selected range was from 2 to 200";USD;0,00;3;;;MainAccount;0;3;138;column_exact;;
2025;12;Tasa mensual fija de mantenimiento de cada Seller White Label;tottocowlpv350;tottocowlpv350 / 1 WhiteLabel;"0 USD; The selected range was from 2 to 200";USD;0,00;3;;;MainAccount;0;3;139;column_exact;;
2025;12;Tasa mensual fija de mantenimiento de cada Seller White Label;tottocowlpv310;tottocowlpv310 / 1 WhiteLabel;"0 USD; The selected range was from 2 to 200";USD;0,00;3;;;MainAccount;0;3;140;column_exact;;
2025;12;Tasa mensual fija de mantenimiento de cada Seller White Label;tottocowlpv69;tottocowlpv69 / 1 WhiteLabel;"0 USD; The selected range was from 2 to 200";USD;0,00;3;;;MainAccount;0;3;141;column_exact;;
2025;12;Tasa mensual fija de mantenimiento de cada Seller White Label;tottocowlcd74;tottocowlcd74 / 1 WhiteLabel;"0 USD; The selected range was from 2 to 200";USD;0,00;3;;;MainAccount;0;3;142;column_exact;;
2025;12;Tasa mensual fija de mantenimiento de cada Seller White Label;tottocowlpv271;tottocowlpv271 / 1 WhiteLabel;"0 USD; The selected range was from 2 to 200";USD;0,00;3;;;MainAccount;0;3;143;column_exact;;
2025;12;Tasa mensual fija de mantenimiento de cada Seller White Label;tottocowlpv204;tottocowlpv204 / 1 WhiteLabel;"0 USD; The selected range was from 2 to 200";USD;0,00;3;;;MainAccount;0;3;144;column_exact;;
2025;12;Tasa mensual fija de mantenimiento de cada Seller White Label;tottocowlpv209;tottocowlpv209 / 1 WhiteLabel;"0 USD; The selected range was from 2 to 200";USD;0,00;3;;;MainAccount;0;3;145;column_exact;;
2025;12;Tasa mensual fija de mantenimiento de cada Seller White Label;tottocowlpv231;tottocowlpv231 / 1 WhiteLabel;"0 USD; The selected range was from 2 to 200";USD;0,00;3;;;MainAccount;0;3;146;column_exact;;
2025;12;Tasa mensual fija de mantenimiento de cada Seller White Label;tottocowlpv244;tottocowlpv244 / 1 WhiteLabel;"0 USD; The selected range was from 2 to 200";USD;0,00;3;;;MainAccount;0;3;147;column_exact;;
2025;12;Tasa mensual fija de mantenimiento de cada Seller White Label;tottocowlpv267;tottocowlpv267 / 1 WhiteLabel;"0 USD; The selected range was from 2 to 200";USD;0,00;3;;;MainAccount;0;3;148;column_exact;;
2025;12;Tasa mensual fija de mantenimiento de cada Seller White Label;tottocowlpv295;tottocowlpv295 / 1 WhiteLabel;"0 USD; The selected range was from 2 to 200";USD;0,00;3;;;MainAccount;0;3;149;column_exact;;
2025;12;Tasa mensual fija de mantenimiento de cada Seller White Label;tottocowlpv230;tottocowlpv230 / 1 WhiteLabel;"0 USD; The selected range was from 2 to 200";USD;0,00;3;;;MainAccount;0;3;150;column_exact;;
2025;12;Tasa mensual fija de mantenimiento de cada Seller White Label;tottocowlpv286;tottocowlpv286 / 1 WhiteLabel;"0 USD; The selected range was from 2 to 200";USD;0,00;3;;;MainAccount;0;3;151;column_exact;;
2025;12;Tasa mensual fija de mantenimiento de cada Seller White Label;tottocowlpv364;tottocowlpv364 / 1 WhiteLabel;"0 USD; The selected range was from 2 to 200";USD;0,00;3;;;MainAccount;0;3;152;column_exact;;
2025;12;Tasa mensual fija de mantenimiento de cada Seller White Label;tottocowlpv268;tottocowlpv268 / 1 WhiteLabel;"0 USD; The selected range was from 2 to 200";USD;0,00;3;;;MainAccount;0;3;153;column_exact;;
2025;12;Tasa mensual fija de mantenimiento de cada Seller White Label;tottocowlpv103;tottocowlpv103 / 1 WhiteLabel;"0 USD; The selected range was from 2 to 200";USD;0,00;3;;;MainAccount;0;3;154;column_exact;;
2025;12;Tasa mensual fija de mantenimiento de cada Seller White Label;tottocowlpv203;tottocowlpv203 / 1 WhiteLabel;"0 USD; The selected range was from 2 to 200";USD;0,00;3;;;MainAccount;0;3;155;column_exact;;
2025;12;Tasa mensual fija de mantenimiento de cada Seller White Label;tottocowlpv202;tottocowlpv202 / 1 WhiteLabel;"0 USD; The selected range was from 2 to 200";USD;0,00;3;;;MainAccount;0;3;156;column_exact;;
2025;12;Tasa mensual fija de mantenimiento de cada Seller White Label;tottocowlpv269;tottocowlpv269 / 1 WhiteLabel;"0 USD; The selected range was from 2 to 200";USD;0,00;3;;;MainAccount;0;3;157;column_exact;;
2025;12;Tasa mensual fija de mantenimiento de cada Seller White Label;tottocowlpv32;tottocowlpv32 / 1 WhiteLabel;"0 USD; The selected range was from 2 to 200";USD;0,00;3;;;MainAccount;0;3;158;column_exact;;
2025;12;Tasa mensual fija de mantenimiento de cada Seller White Label;tottocowlpv258;tottocowlpv258 / 1 WhiteLabel;"0 USD; The selected range was from 2 to 200";USD;0,00;3;;;MainAccount;0;3;159;column_exact;;
2025;12;Tasa mensual fija de mantenimiento de cada Seller White Label;tottocowlfc13;tottocowlfc13 / 1 WhiteLabel;"0 USD; The selected range was from 2 to 200";USD;0,00;3;;;MainAccount;0;3;160;column_exact;;
2025;12;Tasa mensual fija de mantenimiento de cada Seller White Label;tottocowlpv200;tottocowlpv200 / 1 WhiteLabel;"0 USD; The selected range was from 2 to 200";USD;0,00;3;;;MainAccount;0;3;161;column_exact;;
2025;12;Tasa mensual fija de mantenimiento de cada Seller White Label;tottocowlpv8;tottocowlpv8 / 1 WhiteLabel;"0 USD; The selected range was from 2 to 200";USD;0,00;3;;;MainAccount;0;3;162;column_exact;;
2025;12;Tasa mensual fija de mantenimiento de cada Seller White Label;toparaqawlpvt1;toparaqawlpvt1 / 1 WhiteLabel;"0 USD; The selected range was from 2 to 200";USD;0,00;3;;;MainAccount;0;3;163;column_exact;;
2025;12;Tasa mensual fija de mantenimiento de cada Seller White Label;tottocowlpv378;tottocowlpv378 / 1 WhiteLabel;"0 USD; The selected range was from 2 to 200";USD;0,00;3;;;MainAccount;0;3;164;column_exact;;
2025;12;Tasa mensual fija de mantenimiento de cada Seller White Label;tottocowlpv379;tottocowlpv379 / 1 WhiteLabel;"0 USD; The selected range was from 2 to 200";USD;0,00;3;;;MainAccount;0;3;165;column_exact;;
2025;12;Tasa mensual fija de mantenimiento de cada Seller White Label;tottocowlpv208;tottocowlpv208 / 1 WhiteLabel;"0 USD; The selected range was from 2 to 200";USD;0,00;3;;;MainAccount;0;3;166;column_exact;;
2025;12;Tasa mensual fija de mantenimiento de cada Seller White Label;tottocowlpv151;tottocowlpv151 / 1 WhiteLabel;"0 USD; The selected range was from 2 to 200";USD;0,00;3;;;MainAccount;0;3;167;column_exact;;
2025;12;Tasa mensual fija de mantenimiento de cada Seller White Label;tottocowlpv44;tottocowlpv44 / 1 WhiteLabel;"0 USD; The selected range was from 2 to 200";USD;0,00;3;;;MainAccount;0;3;168;column_exact;;
2025;12;Tasa mensual fija de mantenimiento de cada Seller White Label;tottocowlpv147;tottocowlpv147 / 1 WhiteLabel;"0 USD; The selected range was from 2 to 200";USD;0,00;3;;;MainAccount;0;3;169;column_exact;;
2025;12;Tasa mensual fija de mantenimiento de cada Seller White Label;tottocowlpv161;tottocowlpv161 / 1 WhiteLabel;"0 USD; The selected range was from 2 to 200";USD;0,00;3;;;MainAccount;0;3;170;column_exact;;
2025;12;Tasa mensual fija de mantenimiento de cada Seller White Label;tottocowlcd7;tottocowlcd7 / 1 WhiteLabel;"0 USD; The selected range was from 2 to 200";USD;0,00;3;;;MainAccount;0;3;171;column_exact;;
2025;12;Tasa mensual fija de mantenimiento de cada Seller White Label;tottocowlpv375;tottocowlpv375 / 1 WhiteLabel;"0 USD; The selected range was from 2 to 200";USD;0,00;3;;;MainAccount;0;3;172;column_exact;;
2025;12;Tasa mensual fija de mantenimiento de cada Seller White Label;tottocowlpv24;tottocowlpv24 / 1 WhiteLabel;"0 USD; The selected range was from 2 to 200";USD;0,00;3;;;MainAccount;0;3;173;column_exact;;
2025;12;Tasa mensual fija de mantenimiento de cada Seller White Label;tottocowlpv167;tottocowlpv167 / 1 WhiteLabel;"0 USD; The selected range was from 2 to 200";USD;0,00;3;;;MainAccount;0;3;174;column_exact;;
2025;12;Tasa mensual fija de mantenimiento de cada Seller White Label;tottocowlpv368;tottocowlpv368 / 1 WhiteLabel;"0 USD; The selected range was from 2 to 200";USD;0,00;3;;;MainAccount;0;3;175;column_exact;;
2025;12;Tasa mensual fija de mantenimiento de cada Seller White Label;tottocowlpv66;tottocowlpv66 / 1 WhiteLabel;"0 USD; The selected range was from 2 to 200";USD;0,00;3;;;MainAccount;0;3;176;column_exact;;
2025;12;Tasa mensual fija de mantenimiento de cada Seller White Label;tottocowlpv72;tottocowlpv72 / 1 WhiteLabel;"0 USD; The selected range was from 2 to 200";USD;0,00;3;;;MainAccount;0;3;177;column_exact;;
2025;12;Tasa mensual fija de mantenimiento de cada Seller White Label;tottocowlpv60;tottocowlpv60 / 1 WhiteLabel;"0 USD; The selected range was from 2 to 200";USD;0,00;3;;;MainAccount;0;3;178;column_exact;;
2025;12;Tasa mensual fija de mantenimiento de cada Seller White Label;tottocowlpv285;tottocowlpv285 / 1 WhiteLabel;"0 USD; The selected range was from 2 to 200";USD;0,00;3;;;MainAccount;0;3;179;column_exact;;
2025;12;Tasa mensual fija de mantenimiento de cada Seller White Label;tottocowlpv22;tottocowlpv22 / 1 WhiteLabel;"0 USD; The selected range was from 2 to 200";USD;0,00;3;;;MainAccount;0;3;180;column_exact;;
2025;12;Tasa mensual fija de mantenimiento de cada Seller White Label;tottocowlpv278;tottocowlpv278 / 1 WhiteLabel;"0 USD; The selected range was from 2 to 200";USD;0,00;3;;;MainAccount;0;3;181;column_exact;;
2025;12;Tasa mensual fija de mantenimiento de cada Seller White Label;tottocowlpv311;tottocowlpv311 / 1 WhiteLabel;"0 USD; The selected range was from 2 to 200";USD;0,00;3;;;MainAccount;0;3;182;column_exact;;
2025;12;Tasa mensual fija de mantenimiento de cada Seller White Label;tottocowlpv17;tottocowlpv17 / 1 WhiteLabel;"0 USD; The selected range was from 2 to 200";USD;0,00;3;;;MainAccount;0;3;183;column_exact;;
2025;12;Tasa mensual fija de mantenimiento de cada Seller White Label;tottocowlpv12;tottocowlpv12 / 1 WhiteLabel;"0 USD; The selected range was from 2 to 200";USD;0,00;3;;;MainAccount;0;3;184;column_exact;;
2025;12;Tasa mensual fija de mantenimiento de cada Seller White Label;tottocowlpv164;tottocowlpv164 / 1 WhiteLabel;"0 USD; The selected range was from 2 to 200";USD;0,00;3;;;MainAccount;0;3;185;column_exact;;
2025;12;Tasa mensual fija de mantenimiento de cada Seller White Label;tottocowlpv226;tottocowlpv226 / 1 WhiteLabel;"0 USD; The selected range was from 2 to 200";USD;0,00;3;;;MainAccount;0;3;186;column_exact;;
2025;12;Tasa mensual fija de mantenimiento de cada Seller White Label;tottocowlpv19;tottocowlpv19 / 1 WhiteLabel;"0 USD; The selected range was from 2 to 200";USD;0,00;3;;;MainAccount;0;3;187;column_exact;;
2025;12;Tasa mensual fija de mantenimiento de cada Seller White Label;tottocowlpv279;tottocowlpv279 / 1 WhiteLabel;"0 USD; The selected range was from 2 to 200";USD;0,00;3;;;MainAccount;0;3;188;column_exact;;
2025;12;Tasa mensual fija de mantenimiento de cada Seller White Label;tottocowlpv10;tottocowlpv10 / 1 WhiteLabel;"0 USD; The selected range was from 2 to 200";USD;0,00;3;;;MainAccount;0;3;189;column_exact;;
2025;12;Tasa mensual fija de mantenimiento de cada Seller White Label;tottocowlpv65;tottocowlpv65 / 1 WhiteLabel;"0 USD; The selected range was from 2 to 200";USD;0,00;3;;;MainAccount;0;3;190;column_exact;;
2025;12;Tasa mensual fija de mantenimiento de cada Seller White Label;tottocowlpv125;tottocowlpv125 / 1 WhiteLabel;"0 USD; The selected range was from 2 to 200";USD;0,00;3;;;MainAccount;0;3;191;column_exact;;
2025;12;Tasa mensual fija de mantenimiento de cada Seller White Label;tottocowlpv217;tottocowlpv217 / 1 WhiteLabel;"0 USD; The selected range was from 2 to 200";USD;0,00;3;;;MainAccount;0;3;192;column_exact;;
2025;12;Tasa mensual fija de mantenimiento de cada Seller White Label;tottocowlpv191;tottocowlpv191 / 1 WhiteLabel;"0 USD; The selected range was from 2 to 200";USD;0,00;3;;;MainAccount;0;3;193;column_exact;;
2025;12;Tasa mensual fija de mantenimiento de cada Seller White Label;tottocowlpv2;tottocowlpv2 / 1 WhiteLabel;"0 USD; The selected range was from 2 to 200";USD;0,00;3;;;MainAccount;0;3;194;column_exact;;
2025;12;Tasa mensual fija de mantenimiento de cada Seller White Label;tottocowlpv264;tottocowlpv264 / 1 WhiteLabel;"0 USD; The selected range was from 2 to 200";USD;0,00;3;;;MainAccount;0;3;195;column_exact;;
2025;12;Tasa mensual fija de mantenimiento de cada Seller White Label;tottocowlpv206;tottocowlpv206 / 1 WhiteLabel;"0 USD; The selected range was from 2 to 200";USD;0,00;3;;;MainAccount;0;3;196;column_exact;;
2025;12;Tasa mensual fija de mantenimiento de cada Seller White Label;tottocowlpv7;tottocowlpv7 / 1 WhiteLabel;"0 USD; The selected range was from 2 to 200";USD;0,00;3;;;MainAccount;0;3;197;column_exact;;
2025;12;Tasa mensual fija de mantenimiento de cada Seller White Label;tottocowlpv198;tottocowlpv198 / 1 WhiteLabel;"0 USD; The selected range was from 2 to 200";USD;0,00;3;;;MainAccount;0;3;198;column_exact;;
2025;12;Tasa mensual fija de mantenimiento de cada Seller White Label;tottocowlpv4;tottocowlpv4 / 1 WhiteLabel;"0 USD; The selected range was from 2 to 200";USD;0,00;3;;;MainAccount;0;3;199;column_exact;;
2025;12;Tasa mensual fija de mantenimiento de cada Seller White Label;tottocowlpv383;tottocowlpv383 / 1 WhiteLabel;"10.592 USD; The selected range was from 201 to infinity";USD;10,59;3;;;MainAccount;0;3;200;column_exact;;
2025;12;Tasa mensual fija de mantenimiento de cada Seller White Label;tottocowlpv360;tottocowlpv360 / 1 WhiteLabel;"10.592 USD; The selected range was from 201 to infinity";USD;10,59;3;;;MainAccount;0;3;201;column_exact;;
2025;12;Tasa mensual fija de mantenimiento de cada Seller White Label;tottocowlpv353;tottocowlpv353 / 1 WhiteLabel;"10.592 USD; The selected range was from 201 to infinity";USD;10,59;3;;;MainAccount;0;3;202;column_exact;;
2025;12;Tasa mensual fija de mantenimiento de cada Seller White Label;tottocowlpv395;tottocowlpv395 / 1 WhiteLabel;"10.592 USD; The selected range was from 201 to infinity";USD;10,59;3;;;MainAccount;0;3;203;column_exact;;
2025;12;Tasa mensual fija de mantenimiento de cada Seller White Label;tottocowlpv150;tottocowlpv150 / 1 WhiteLabel;"10.592 USD; The selected range was from 201 to infinity";USD;10,59;3;;;MainAccount;0;3;204;column_exact;;
2025;12;Tasa mensual fija de mantenimiento de cada Seller White Label;tottocowlpv357;tottocowlpv357 / 1 WhiteLabel;"10.592 USD; The selected range was from 201 to infinity";USD;10,59;3;;;MainAccount;0;3;205;column_exact;;
2025;12;Tasa mensual fija de mantenimiento de cada Seller White Label;tottocowlpv355;tottocowlpv355 / 1 WhiteLabel;"10.592 USD; The selected range was from 201 to infinity";USD;10,59;3;;;MainAccount;0;3;206;column_exact;;
2025;12;Tasa mensual fija de mantenimiento de cada Seller White Label;tottocowlpv356;tottocowlpv356 / 1 WhiteLabel;"10.592 USD; The selected range was from 201 to infinity";USD;10,59;3;;;MainAccount;0;3;207;column_exact;;
2025;12;Tasa mensual fija de mantenimiento de cada Seller White Label;tottocowlpv358;tottocowlpv358 / 1 WhiteLabel;"10.592 USD; The selected range was from 201 to infinity";USD;10,59;3;;;MainAccount;0;3;208;column_exact;;
2025;12;Tasa mensual fija de mantenimiento de cada Seller White Label;tottocowlpv392;tottocowlpv392 / 1 WhiteLabel;"10.592 USD; The selected range was from 201 to infinity";USD;10,59;3;;;MainAccount;0;3;209;column_exact;;
2025;12;Tasa mensual fija de mantenimiento de cada Seller White Label;newbrandtottoinbound;newbrandtottoinbound / 1 WhiteLabel;"10.592 USD; The selected range was from 201 to infinity";USD;10,59;3;;;MainAccount;0;3;210;column_exact;;
2025;12;Tasa mensual fija de mantenimiento de cada Seller White Label;tottocowlpv80;tottocowlpv80 / 1 WhiteLabel;"10.592 USD; The selected range was from 201 to infinity";USD;10,59;3;;;MainAccount;0;3;211;column_exact;;
2025;12;Tasa mensual fija de mantenimiento de cada Seller White Label;tottoqawltunal;tottoqawltunal / 1 WhiteLabel;"10.592 USD; The selected range was from 201 to infinity";USD;10,59;3;;;MainAccount;0;3;212;column_exact;;
2025;12;Tasa mensual fija de mantenimiento de cada Seller White Label;tottocowlpv380;tottocowlpv380 / 1 WhiteLabel;"10.592 USD; The selected range was from 201 to infinity";USD;10,59;3;;;MainAccount;0;3;213;column_exact;;
2025;12;Tasa mensual fija de mantenimiento de cada Seller White Label;tottocowlpvecommerce;tottocowlpvecommerce / 1 WhiteLabel;"10.592 USD; The selected range was from 201 to infinity";USD;10,59;3;;;MainAccount;0;3;214;column_exact;;
2025;12;Tasa mensual fija de mantenimiento de cada Seller White Label;newbrandtottowlpvt3;newbrandtottowlpvt3 / 1 WhiteLabel;"10.592 USD; The selected range was from 201 to infinity";USD;10,59;3;;;MainAccount;0;3;215;column_exact;;
2025;12;Tasa mensual fija de mantenimiento de cada Seller White Label;newbrandtottowlpvt1;newbrandtottowlpvt1 / 1 WhiteLabel;"10.592 USD; The selected range was from 201 to infinity";USD;10,59;3;;;MainAccount;0;3;216;column_exact;;
2025;12;Tasa mensual fija de mantenimiento de cada Seller White Label;newbrandtottowlpvt4;newbrandtottowlpvt4 / 1 WhiteLabel;"10.592 USD; The selected range was from 201 to infinity";USD;10,59;3;;;MainAccount;0;3;217;column_exact;;
2025;12;Tasa mensual fija de mantenimiento de cada Seller White Label;newbrandtottowlpvt2;newbrandtottowlpvt2 / 1 WhiteLabel;"10.592 USD; The selected range was from 201 to infinity";USD;10,59;3;;;MainAccount;0;3;218;column_exact;;
2025;12;Tasa mensual fija de mantenimiento de cada Seller White Label;newbrandtottowlcd7;newbrandtottowlcd7 / 1 WhiteLabel;"10.592 USD; The selected range was from 201 to infinity";USD;10,59;3;;;MainAccount;0;3;219;column_exact;;
2025;12;Tasa mensual fija de mantenimiento de cada Seller White Label;newbrandtottowlpvt5;newbrandtottowlpvt5 / 1 WhiteLabel;"10.592 USD; The selected range was from 201 to infinity";USD;10,59;3;;;MainAccount;0;3;220;column_exact;;
2025;12;Tasa mensual fija de mantenimiento de cada Seller White Label;tottoqawlfc3;tottoqawlfc3 / 1 WhiteLabel;"10.592 USD; The selected range was from 201 to infinity";USD;10,59;3;;;MainAccount;0;3;221;column_exact;;
2025;12;Tasa mensual fija de mantenimiento de cada Seller White Label;tottoqawlcd74;tottoqawlcd74 / 1 WhiteLabel;"10.592 USD; The selected range was from 201 to infinity";USD;10,59;3;;;MainAccount;0;3;222;column_exact;;
2025;12;Tasa mensual fija de mantenimiento de cada Seller White Label;tottocowlfc15;tottocowlfc15 / 1 WhiteLabel;"10.592 USD; The selected range was from 201 to infinity";USD;10,59;3;;;MainAccount;0;3;223;column_exact;;
2025;12;Tasa mensual fija de mantenimiento de cada Seller White Label;tottocowlfc8;tottocowlfc8 / 1 WhiteLabel;"10.592 USD; The selected range was from 201 to infinity";USD;10,59;3;;;MainAccount;0;3;224;column_exact;;
2025;12;Tasa mensual fija de mantenimiento de cada Seller White Label;tottocowlfc16;tottocowlfc16 / 1 WhiteLabel;"10.592 USD; The selected range was from 201 to infinity";USD;10,59;3;;;MainAccount;0;3;225;column_exact;;
2025;12;Tasa mensual fija de mantenimiento de cada Seller White Label;tottocowlfc1;tottocowlfc1 / 1 WhiteLabel;"10.592 USD; The selected range was from 201 to infinity";USD;10,59;3;;;MainAccount;0;3;226;column_exact;;
2025;12;Tasa mensual fija de mantenimiento de cada Seller White Label;tottocowlfc3;tottocowlfc3 / 1 WhiteLabel;"10.592 USD; The selected range was from 201 to infinity";USD;10,59;3;;;MainAccount;0;3;227;column_exact;;
2025;12;Tasa mensual fija de mantenimiento de cada Seller White Label;tottocowlpv369;tottocowlpv369 / 1 WhiteLabel;"10.592 USD; The selected range was from 201 to infinity";USD;10,59;3;;;MainAccount;0;3;228;column_exact;;
2025;12;Tasa mensual fija de mantenimiento de cada Seller White Label;tottocowlfc2;tottocowlfc2 / 1 WhiteLabel;"10.592 USD; The selected range was from 201 to infinity";USD;10,59;3;;;MainAccount;0;3;229;column_exact;;
2025;12;Tasa mensual fija de mantenimiento de cada Seller White Label;tottocowlfc17;tottocowlfc17 / 1 WhiteLabel;"10.592 USD; The selected range was from 201 to infinity";USD;10,59;3;;;MainAccount;0;3;230;column_exact;;
2025;12;Tasa mensual fija de mantenimiento de cada Seller White Label;tottocowlfc5;tottocowlfc5 / 1 WhiteLabel;"10.592 USD; The selected range was from 201 to infinity";USD;10,59;3;;;MainAccount;0;3;231;column_exact;;
2025;12;Tasa mensual fija de mantenimiento de cada Seller White Label;tottocowlfq95;tottocowlfq95 / 1 WhiteLabel;"10.592 USD; The selected range was from 201 to infinity";USD;10,59;3;;;MainAccount;0;3;232;column_exact;;
2025;12;Tasa mensual fija de mantenimiento de cada Seller White Label;toparaqawlcd7;toparaqawlcd7 / 1 WhiteLabel;"10.592 USD; The selected range was from 201 to infinity";USD;10,59;3;;;MainAccount;0;3;233;column_exact;;
2025;12;Tasa mensual fija de mantenimiento de cada Seller White Label;tottocowlpv377;tottocowlpv377 / 1 WhiteLabel;"10.592 USD; The selected range was from 201 to infinity";USD;10,59;3;;;MainAccount;0;3;234;column_exact;;
2025;12;Tasa mensual fija de mantenimiento de cada Seller White Label;tottoecuadorwlpv1;tottoecuadorwlpv1 / 1 WhiteLabel;"10.592 USD; The selected range was from 201 to infinity";USD;10,59;3;;;MainAccount;0;3;235;column_exact;;
2025;12;Tasa mensual fija de mantenimiento de cada Seller White Label;tottocowlcd076;tottocowlcd076 / 1 WhiteLabel;"10.592 USD; The selected range was from 201 to infinity";USD;10,59;3;;;MainAccount;0;3;236;column_exact;;
2025;12;Tasa mensual fija de mantenimiento de cada Seller White Label;tottoecuadorwlpv2;tottoecuadorwlpv2 / 1 WhiteLabel;"10.592 USD; The selected range was from 201 to infinity";USD;10,59;3;;;MainAccount;0;3;237;column_exact;;
2025;12;Tasa mensual fija de mantenimiento de cada Seller White Label;tottoqawlcd76;tottoqawlcd76 / 1 WhiteLabel;"10.592 USD; The selected range was from 201 to infinity";USD;10,59;3;;;MainAccount;0;3;238;column_exact;;
2025;12;Tasa mensual fija de mantenimiento de cada Seller White Label;tottocowlpv384;tottocowlpv384 / 1 WhiteLabel;"10.592 USD; The selected range was from 201 to infinity";USD;10,59;3;;;MainAccount;0;3;239;column_exact;;
2025;12;Tasa mensual fija de mantenimiento de cada Seller White Label;tottocowlpv381;tottocowlpv381 / 1 WhiteLabel;"10.592 USD; The selected range was from 201 to infinity";USD;10,59;3;;;MainAccount;0;3;240;column_exact;;
2025;12;Tasa mensual fija de mantenimiento de cada Seller White Label;tottocowlpv390;tottocowlpv390 / 1 WhiteLabel;"10.592 USD; The selected range was from 201 to infinity";USD;10,59;3;;;MainAccount;0;3;241;column_exact;;
2025;12;Tasa mensual fija de mantenimiento de cada Seller White Label;tottocowlpv385;tottocowlpv385 / 1 WhiteLabel;"10.592 USD; The selected range was from 201 to infinity";USD;10,59;3;;;MainAccount;0;3;242;column_exact;;
2025;12;Tasa mensual fija de mantenimiento de cada Seller White Label;tottocowlpv386;tottocowlpv386 / 1 WhiteLabel;"10.592 USD; The selected range was from 201 to infinity";USD;10,59;3;;;MainAccount;0;3;243;column_exact;;
2025;12;Tasa mensual fija de mantenimiento de cada Seller White Label;tottocowlpv382;tottocowlpv382 / 1 WhiteLabel;"10.592 USD; The selected range was from 201 to infinity";USD;10,59;3;;;MainAccount;0;3;244;column_exact;;
2025;12;Tasa mensual fija de mantenimiento de cada Seller White Label;tottocowlpv394;tottocowlpv394 / 1 WhiteLabel;"10.592 USD; The selected range was from 201 to infinity";USD;10,59;3;;;MainAccount;0;3;245;column_exact;;
2025;12;Tasa mensual fija de mantenimiento de cada Seller White Label;newbrandtottowlpvt9;newbrandtottowlpvt9 / 1 WhiteLabel;"10.592 USD; The selected range was from 201 to infinity";USD;10,59;3;;;MainAccount;0;3;246;column_exact;;
2025;12;Tasa mensual fija de mantenimiento de cada Seller White Label;newbrandtottowlpvt8;newbrandtottowlpvt8 / 1 WhiteLabel;"10.592 USD; The selected range was from 201 to infinity";USD;10,59;3;;;MainAccount;0;3;247;column_exact;;
2025;12;Tasa mensual fija de mantenimiento de cada Seller White Label;tottocowlpv393;tottocowlpv393 / 1 WhiteLabel;"10.592 USD; The selected range was from 201 to infinity";USD;10,59;3;;;MainAccount;0;3;248;column_exact;;
2025;12;Tasa mensual fija de mantenimiento de cada Seller White Label;tottocowlpv391;tottocowlpv391 / 1 WhiteLabel;"10.592 USD; The selected range was from 201 to infinity";USD;10,59;3;;;MainAccount;0;3;249;column_exact;;
2025;12;Tasa mensual fija de mantenimiento de cada Seller White Label;newbrandtottowlpvt7;newbrandtottowlpvt7 / 1 WhiteLabel;"10.592 USD; The selected range was from 201 to infinity";USD;10,59;3;;;MainAccount;0;3;250;column_exact;;
2025;12;Tasa mensual fija de mantenimiento de cada Seller White Label;tottocowlpv388;tottocowlpv388 / 1 WhiteLabel;"10.592 USD; The selected range was from 201 to infinity";USD;10,59;3;;;MainAccount;0;3;251;column_exact;;
2025;12;Tasa mensual fija de mantenimiento de cada Seller White Label;tottocowlpv397;tottocowlpv397 / 1 WhiteLabel;"10.592 USD; The selected range was from 201 to infinity";USD;10,59;3;;;MainAccount;0;3;252;column_exact;;
2025;12;Tasa mensual fija de mantenimiento de cada Seller White Label;tottocowlpv400;tottocowlpv400 / 1 WhiteLabel;"10.592 USD; The selected range was from 201 to infinity";USD;10,59;3;;;MainAccount;0;3;253;column_exact;;
2025;12;Tasa mensual fija de mantenimiento de cada Seller White Label;tottocowlpv399;tottocowlpv399 / 1 WhiteLabel;"10.592 USD; The selected range was from 201 to infinity";USD;10,59;3;;;MainAccount;0;3;254;column_exact;;
2025;12;Tasa mensual fija de mantenimiento de cada Seller White Label;newbrandtottowlpvt6;newbrandtottowlpvt6 / 1 WhiteLabel;"10.592 USD; The selected range was from 201 to infinity";USD;10,59;3;;;MainAccount;0;3;255;column_exact;;
2025;12;Tasa mensual fija de mantenimiento de cada Seller White Label;tottocowlpv402;tottocowlpv402 / 1 WhiteLabel;"10.592 USD; The selected range was from 201 to infinity";USD;10,59;3;;;MainAccount;0;3;256;column_exact;;
2025;12;Tasa mensual fija de mantenimiento de cada Seller White Label;toparaqawlpvt2;toparaqawlpvt2 / 1 WhiteLabel;"10.592 USD; The selected range was from 201 to infinity";USD;10,59;3;;;MainAccount;0;3;257;column_exact;;
2025;12;Tasa mensual fija de mantenimiento de cada Seller White Label;newbrandtottowlpvt13;newbrandtottowlpvt13 / 1 WhiteLabel;"10.592 USD; The selected range was from 201 to infinity";USD;10,59;3;;;MainAccount;0;3;258;column_exact;;
2025;12;Tasa mensual fija de mantenimiento de cada Seller White Label;toparaqawlpvt4;toparaqawlpvt4 / 1 WhiteLabel;"10.592 USD; The selected range was from 201 to infinity";USD;10,59;3;;;MainAccount;0;3;259;column_exact;;
2025;12;Tasa mensual fija de mantenimiento de cada Seller White Label;newbrandtottowlpvt12;newbrandtottowlpvt12 / 1 WhiteLabel;"10.592 USD; The selected range was from 201 to infinity";USD;10,59;3;;;MainAccount;0;3;260;column_exact;;
2025;12;Tasa mensual fija de mantenimiento de cada Seller White Label;tottocowlpv404;tottocowlpv404 / 1 WhiteLabel;"10.592 USD; The selected range was from 201 to infinity";USD;10,59;3;;;MainAccount;0;3;261;column_exact;;
2025;12;Tasa mensual fija de mantenimiento de cada Seller White Label;newbrandtottowlpvt11;newbrandtottowlpvt11 / 1 WhiteLabel;"10.592 USD; The selected range was from 201 to infinity";USD;10,59;3;;;MainAccount;0;3;262;column_exact;;
2025;12;Tasa mensual fija de mantenimiento de cada Seller White Label;tottocowlpv396;tottocowlpv396 / 1 WhiteLabel;"10.592 USD; The selected range was from 201 to infinity";USD;10,59;3;;;MainAccount;0;3;263;column_exact;;
2025;12;Tasa mensual fija de mantenimiento de cada Seller White Label;newbrandtottowlpvt10;newbrandtottowlpvt10 / 1 WhiteLabel;"10.592 USD; The selected range was from 201 to infinity";USD;10,59;3;;;MainAccount;0;3;264;column_exact;;
2025;12;B2B Take Rate and InStore Seller - Monthly Adjustment;-;-;-;COP;8.101.533,79;4;4;MainAccount;;;;;;B2B Take Rate and InStore Seller - Monthly Adjustment;-COP 8,101,533.79
2025;12;B2B Take Rate and InStore Seller - Monthly Adjustment;tottoco;tottoco / 8,101,533.79;"-1 COP; The selected range was from 0 to infinity";COP;8.101.533,79;4;;;MainAccount;0;4;0;column_exact;;
2025;12;Take Rate - OnHandsFulfillment;-;-;-;COP;0,00;5;;;;;;;;Take Rate - OnHandsFulfillment;COP 0.00
2025;12;Take Rate - InternalCertifiedSellerAndIsChildAccount;-;-;-;COP;0,00;6;;;;;;;;Take Rate - InternalCertifiedSellerAndIsChildAccount;COP 0.00
2025;12;Take Rate - SalesAppDeliveredByMainAccount;-;-;-;COP;8.089.206,39;7;5;TradePolicy;;;;;;Take Rate - SalesAppDeliveredByMainAccount;COP 8,089,206.39
2025;12;Take Rate - SalesAppDeliveredByMainAccount;newbrandtotto;"newbrandtotto / 11,200,911 COP; GMV in COP";"1 COP/COP; Currency conversion from COP to COP; 0.3 %; The selected range was from 0 to infinity";COP;33.602,73;7;;;TradePolicy;0;5;0;column_exact;;
2025;12;Take Rate - SalesAppDeliveredByMainAccount;tottoco;"tottoco / 2,685,201,220 COP; GMV in COP";"1 COP/COP; Currency conversion from COP to COP; 0.3 %; The selected range was from 0 to infinity";COP;8.055.603,66;7;;;TradePolicy;0;5;1;column_exact;;
2025;12;Take Rate - InStore;-;-;-;COP;0,00;8;;;;;;;;Take Rate - InStore;COP 0.00
2025;12;Take Rate - InternalCertifiedMarketplaceAndIsParentAccount;-;-;-;COP;18.865.672,86;9;6;TradePolicy;;;;;;Take Rate - InternalCertifiedMarketplaceAndIsParentAccount;COP 18,865,672.86
2025;12;Take Rate - InternalCertifiedMarketplaceAndIsParentAccount;toparaqawlcd7;"toparaqawlcd7 / 499,900 COP; GMV in COP";"1 COP/COP; Currency conversion from COP to COP; 0.55 %; The selected range was from 0 to infinity";COP;2.749,45;9;;;TradePolicy;0;6;0;column_exact;;
2025;12;Take Rate - InternalCertifiedMarketplaceAndIsParentAccount;tottocowlcd076;"tottocowlcd076 / 162,780,315 COP; GMV in COP";"1 COP/COP; Currency conversion from COP to COP; 0.55 %; The selected range was from 0 to infinity";COP;895.291,73;9;;;TradePolicy;0;6;1;column_exact;;
2025;12;Take Rate - InternalCertifiedMarketplaceAndIsParentAccount;tottocowlcd7;"tottocowlcd7 / 3,265,823,007 COP; GMV in COP";"1 COP/COP; Currency conversion from COP to COP; 0.55 %; The selected range was from 0 to infinity";COP;17.962.026,54;9;;;TradePolicy;0;6;2;column_exact;;
2025;12;Take Rate - InternalCertifiedMarketplaceAndIsParentAccount;tottoecuadorwlpv2;"tottoecuadorwlpv2 / 4.01 USD; GMV in USD";"3,769.602 COP/USD; Currency conversion from USD to COP; 0.55 %; The selected range was from 0 to infinity";COP;83,14;9;;;TradePolicy;0;6;3;column_exact;;
2025;12;Take Rate - InternalCertifiedMarketplaceAndIsParentAccount;tottoqawlcd76;"tottoqawlcd76 / 1,004,000 COP; GMV in COP";"1 COP/COP; Currency conversion from COP to COP; 0.55 %; The selected range was from 0 to infinity";COP;5.522,00;9;;;TradePolicy;0;6;4;column_exact;;
2025;12;Take Rate - SellerPortal;-;-;-;COP;0,00;10;;;;;;;;Take Rate - SellerPortal;COP 0.00
2025;12;Take Rate - B2B;-;-;-;COP;10.830.090,00;11;7;TradePolicy;;;;;;Take Rate - B2B;COP 10,830,090.00
2025;12;Take Rate - B2B;tottocob2b;"tottocob2b / 3,610,030,000 COP; GMV in COP";"1 COP/COP; Currency conversion from COP to COP; 0.3 %; The selected range was from 0 to infinity";COP;10.830.090,00;11;;;TradePolicy;0;7;0;column_exact;;
2025;12;Take Rate - CallCenter;-;-;-;COP;0,00;12;8;TradePolicy;;;;;;Take Rate - CallCenter;COP 0.00
2025;12;Take Rate - CallCenter;tottoco;"tottoco / 383,171,400 COP; GMV in COP";"1 COP/COP; Currency conversion from COP to COP; 0.55 %; The selected range was from 0 to infinity";COP;2.107.442,70;12;;;TradePolicy;0;8;0;column_exact;;
2025;12;Take Rate - CallCenter;tottoecuador;"tottoecuador / 2,450.49 USD; GMV in USD";"3,769.602 COP/USD; Currency conversion from USD to COP; 0.55 %; The selected range was from 0 to infinity";COP;50.805,54;12;;;TradePolicy;0;8;1;column_exact;;
2025;12;Take Rate - CallCenter;tottomexico;"tottomexico / 799 MXN; GMV in MXN";"209.643 COP/MXN; Currency conversion from MXN to COP; 0.55 %; The selected range was from 0 to infinity";COP;921,28;12;;;TradePolicy;0;8;2;column_exact;;
2025;12;Take Rate - CertifiedMarketplace;-;-;-;COP;2.159.169,52;13;9;Column9;;;;;;Take Rate - CertifiedMarketplace;COP 2,159,169.52
2025;12;Take Rate - CertifiedMarketplace;newbrandtotto;"newbrandtotto / 78,772,350 COP; GMV in COP";"1 COP/COP; Currency conversion from COP to COP; 1 %; The selected range was from 0 to infinity";COP;787.723,50;13;;;Column9;0;9;0;column_exact;;
2025;12;Take Rate - CertifiedMarketplace;tottobo;"tottobo / 296,337.85 BOB; GMV in BOB";"544.101 COP/BOB; Currency conversion from BOB to COP; 1 %; The selected range was from 0 to infinity";COP;1.612.376,75;13;;;Column9;0;9;1;column_exact;;
2025;12;Take Rate - CertifiedMarketplace;tottocl;"tottocl / 41,041,609 CLP; GMV in CLP";"4.186 COP/CLP; Currency conversion from CLP to COP; 1 %; The selected range was from 0 to infinity";COP;1.717.859,11;13;;;Column9;0;9;2;column_exact;;
2025;12;Take Rate - CertifiedMarketplace;tottoco;"tottoco / 3,659,887,788 COP; GMV in COP";"1 COP/COP; Currency conversion from COP to COP; 1 %; The selected range was from 0 to infinity";COP;36.598.877,88;13;;;Column9;0;9;3;column_exact;;
2025;12;Take Rate - CertifiedMarketplace;tottocob2b;"tottocob2b / 29,351,400 COP; GMV in COP";"1 COP/COP; Currency conversion from COP to COP; 1 %; The selected range was from 0 to infinity";COP;293.514,00;13;;;Column9;0;9;4;column_exact;;
2025;12;Take Rate - CertifiedMarketplace;tottocr;"tottocr / 40,613,023 CRC; GMV in CRC";"7.58 COP/CRC; Currency conversion from CRC to COP; 1 %; The selected range was from 0 to infinity";COP;3.078.379,23;13;;;Column9;0;9;5;column_exact;;
2025;12;Take Rate - CertifiedMarketplace;tottodo;"tottodo / 189,390 DOP; GMV in DOP";"59.748 COP/DOP; Currency conversion from DOP to COP; 1 %; The selected range was from 0 to infinity";COP;113.157,46;13;;;Column9;0;9;6;column_exact;;
2025;12;Take Rate - CertifiedMarketplace;tottoecuador;"tottoecuador / 54,362.16 USD; GMV in USD";"3,769.602 COP/USD; Currency conversion from USD to COP; 1 %; The selected range was from 0 to infinity";COP;2.049.237,02;13;;;Column9;0;9;7;column_exact;;
2025;12;Take Rate - CertifiedMarketplace;tottoelsalvador;"tottoelsalvador / 63,266.34 USD; GMV in USD";"3,769.602 COP/USD; Currency conversion from USD to COP; 1 %; The selected range was from 0 to infinity";COP;2.384.889,15;13;;;Column9;0;9;8;column_exact;;
2025;12;Take Rate - CertifiedMarketplace;tottoguatemala;"tottoguatemala / 3,023,755 GTQ; GMV in GTQ";"491.489 COP/GTQ; Currency conversion from GTQ to COP; 1 %; The selected range was from 0 to infinity";COP;14.861.438,05;13;;;Column9;0;9;9;column_exact;;
2025;12;Take Rate - CertifiedMarketplace;tottomexico;"tottomexico / 208,916 MXN; GMV in MXN";"209.643 COP/MXN; Currency conversion from MXN to COP; 1 %; The selected range was from 0 to infinity";COP;437.978,24;13;;;Column9;0;9;10;column_exact;;
2025;12;Take Rate - CertifiedMarketplace;tottopr;"tottopr / 7,514 USD; GMV in USD";"3,769.602 COP/USD; Currency conversion from USD to COP; 1 %; The selected range was from 0 to infinity";COP;283.247,89;13;;;Column9;0;9;11;column_exact;;
2025;12;Take Rate - CertifiedSeller;-;-;-;COP;0,00;14;;;;;;;;Take Rate - CertifiedSeller;COP 0.00
2025;12;Take Rate - ExternalSeller;-;-;-;COP;0,00;15;;;;;;;;Take Rate - ExternalSeller;COP 0.00
2025;12;Take Rate - B2C;-;-;-;COP;64.218.678,29;16;10;Column10;;;;;;Take Rate - B2C;COP 64,218,678.29
